{
  "acessar google" : {
    "transaction" : "acessar google",
    "sampleCount" : 200,
    "errorCount" : 0,
    "errorPct" : 0.0,
    "meanResTime" : 865.585,
    "minResTime" : 301.0,
    "maxResTime" : 2605.0,
    "pct1ResTime" : 1252.5,
    "pct2ResTime" : 1362.0,
    "pct3ResTime" : 2586.230000000007,
    "throughput" : 76.30675314765357,
    "receivedKBytesPerSec" : 1177.9482425600916,
    "sentKBytesPerSec" : 9.091234261732163
  },
  "acessar bing-1" : {
    "transaction" : "acessar bing-1",
    "sampleCount" : 200,
    "errorCount" : 0,
    "errorPct" : 0.0,
    "meanResTime" : 5090.275000000001,
    "minResTime" : 334.0,
    "maxResTime" : 15680.0,
    "pct1ResTime" : 7778.6,
    "pct2ResTime" : 15639.05,
    "pct3ResTime" : 15678.93,
    "throughput" : 12.05037054889438,
    "receivedKBytesPerSec" : 1018.1083883759112,
    "sentKBytesPerSec" : 1.4474566186660238
  },
  "Total" : {
    "transaction" : "Total",
    "sampleCount" : 800,
    "errorCount" : 0,
    "errorPct" : 0.0,
    "meanResTime" : 3685.45375,
    "minResTime" : 252.0,
    "maxResTime" : 17653.0,
    "pct1ResTime" : 9659.799999999997,
    "pct2ResTime" : 15400.699999999983,
    "pct3ResTime" : 17420.9,
    "throughput" : 42.92997048564529,
    "receivedKBytesPerSec" : 1984.676432116984,
    "sentKBytesPerSec" : 6.372417493962972
  },
  "acessar bing" : {
    "transaction" : "acessar bing",
    "sampleCount" : 200,
    "errorCount" : 0,
    "errorPct" : 0.0,
    "meanResTime" : 6938.535000000004,
    "minResTime" : 1169.0,
    "maxResTime" : 17653.0,
    "pct1ResTime" : 15519.9,
    "pct2ResTime" : 17373.85,
    "pct3ResTime" : 17534.9,
    "throughput" : 11.298158400180771,
    "receivedKBytesPerSec" : 957.4354018966783,
    "sentKBytesPerSec" : 2.6811059484803974
  },
  "acessar bing-0" : {
    "transaction" : "acessar bing-0",
    "sampleCount" : 200,
    "errorCount" : 0,
    "errorPct" : 0.0,
    "meanResTime" : 1847.4199999999992,
    "minResTime" : 252.0,
    "maxResTime" : 15167.0,
    "pct1ResTime" : 2381.8,
    "pct2ResTime" : 2796.75,
    "pct3ResTime" : 15163.96,
    "throughput" : 12.736419792396358,
    "receivedKBytesPerSec" : 3.24629449786665,
    "sentKBytesPerSec" : 1.4925491944214482
  }
}